<?xml version="1.0" encoding="UTF-8"?>
<!DOCTYPE mapper PUBLIC "-//mybatis.org//DTD Mapper 3.0//EN" "http://mybatis.org/dtd/mybatis-3-mapper.dtd">
<mapper namespace="com.ssafy.empapp.model.dao.EmpDAO">

    <sql id="selectQuery">
        SELECT empno, ename, job
        FROM emp
    </sql>

<!--     사원 정보 조회 
    <select id="getEmpWithDept" parameterType="int" resultMap="com.ssafy.resultmaps.EmpResultMapWithDept">
        SELECT e.empno, e.ename, e.job, d.deptno, d.dname, d.loc
        FROM emp e
        LEFT OUTER JOIN dept d ON (e.deptno = d.deptno)
        WHERE e.empno = #{empno}
    </select> -->
    
    <!-- 사원 목록 조회(사원 번호, 사원 이름, 직무) -->
    <select id="getEmps" resultMap="com.ssafy.resultmaps.EmpResultMap">
        <include refid="selectQuery"></include>
    </select>

    
    
    <!-- 사원 등록 -->
    <insert id="registerEmp" parameterType="Emp">
        INSERT INTO emp (empno, ename, job)
        VALUES (#{empno}, #{ename}, #{job})
    </insert>
    
    
    
    <!-- 사원 수정 --> 
    <update id="updateEmp" parameterType="Emp">
        UPDATE emp
        SET ename = #{ename}, job = #{job}
        WHERE empno = #{empno}
    </update>
    
    
    
    <!-- 사원 삭제 -->
    <delete id="deleteEmp" parameterType="int">
        DELETE FROM emp
        WHERE empno = #{empno}
    </delete>
    
    
    
    <!-- 사원들 삭제 -->
    <delete id="deleteEmps" parameterType="map">
        DELETE FROM emp
        <where>
            empno in
            <foreach collection="array" item="no" open="(" separator="," close=")"> 
                #{no}
            </foreach>
        </where>
    </delete>
</mapper>